bbab2ce3c162b244119bdc22a990d7b75fdef0af,3fbaf56f390db1a7c442ceaeab2c3a8bc1c8fd79,src/com/google/common/base/Suppliers.java,src/com/google/common/base/Suppliers.java,https://github.com/google/guava,guava,131,138
ee071f342edd0f5240dc2667a11e717a3a9395e6,16eac2df5395257ad039cad1c336c41bb55bb42a,src/com/google/common/collect/Iterables.java,guava/src/com/google/common/collect/Iterables.java,https://github.com/google/guava,guava,668,792
7ce09488d186e4f085046fb8d60578726ec429de,e031f621718dcd7a1baab0ba539e7495c23a735c,src/com/google/common/collect/CustomConcurrentHashMap.java,src/com/google/common/collect/CustomConcurrentHashMap.java,https://github.com/google/guava,guava,1374,1374
bf08202a2eb0db2de8382f960276897ba68fb0aa,3fbaf56f390db1a7c442ceaeab2c3a8bc1c8fd79,src/com/google/common/base/Suppliers.java,src/com/google/common/base/Suppliers.java,https://github.com/google/guava,guava,144,150
52aabe5b3834a5ec6ab4785a041c3162e127c8e4,4c949e3399a80396525774a0ffc66b8af3155242,src/com/google/common/net/InternetDomainName.java,src/com/google/common/net/InternetDomainName.java,https://github.com/google/guava,guava,159,159
cac16cfeea6c70fcf3e8787f9b9d042ec2f0376a,edcaa9418aa5e315ba081f4b6791bd9daa926bfa,src/com/google/common/util/concurrent/Futures.java,guava/src/com/google/common/util/concurrent/Futures.java,https://github.com/google/guava,guava,20,28
cac16cfeea6c70fcf3e8787f9b9d042ec2f0376a,4c949e3399a80396525774a0ffc66b8af3155242,src/com/google/common/net/InetAddresses.java,src/com/google/common/net/InetAddresses.java,https://github.com/google/guava,guava,346,346
4583e8bd8b7eac0e3fbef41d341d57ef5a925c5d,16eac2df5395257ad039cad1c336c41bb55bb42a,src/com/google/common/collect/Lists.java,guava/src/com/google/common/collect/Lists.java,https://github.com/google/guava,guava,573,702
e3bc0703d0a123ab5d3d2edf4124a14c8b3ba235,edcaa9418aa5e315ba081f4b6791bd9daa926bfa,src/com/google/common/util/concurrent/Futures.java,guava/src/com/google/common/util/concurrent/Futures.java,https://github.com/google/guava,guava,490,609
e3bc0703d0a123ab5d3d2edf4124a14c8b3ba235,717d40722e70130146f38bcae8c40e2e3c8481ae,src/com/google/common/util/concurrent/Futures.java,guava/src/com/google/common/util/concurrent/Futures.java,https://github.com/google/guava,guava,28,47
e3bc0703d0a123ab5d3d2edf4124a14c8b3ba235,9c681417c3681d4a09cc72298f5c12eecd1e7be1,src/com/google/common/util/concurrent/Futures.java,guava/src/com/google/common/util/concurrent/Futures.java,https://github.com/google/guava,guava,28,47
4fdf70002a73087bcb94ac0619f819bbc6c035d8,fc5979f45d14e21d61c52f2adf9d292d2d605dc4,src/com/google/common/collect/Interners.java,guava/src/com/google/common/collect/Interners.java,https://github.com/google/guava,guava,205,128
509fe0a4e7b30c00d1a7e1aae3e4de6718939c15,edcaa9418aa5e315ba081f4b6791bd9daa926bfa,src/com/google/common/util/concurrent/Futures.java,guava/src/com/google/common/util/concurrent/Futures.java,https://github.com/google/guava,guava,511,608
036ebbac7132b8ae7156a7939d77578f668b3c35,a4944fb7e64392cd53159de6a42e2711e3808db1,gwt-super/com/google/common/collect/super/com/google/common/collect/Sets.java,guava-gwt/src-super/com/google/common/collect/super/com/google/common/collect/Sets.java,https://github.com/google/guava,guava,24,24
036ebbac7132b8ae7156a7939d77578f668b3c35,a4944fb7e64392cd53159de6a42e2711e3808db1,src/com/google/common/collect/Sets.java,guava/src/com/google/common/collect/Sets.java,https://github.com/google/guava,guava,25,25
036ebbac7132b8ae7156a7939d77578f668b3c35,8d5659ad0e137d3a594014793264292a75b48bb9,src/com/google/common/util/concurrent/AbstractService.java,guava/src/com/google/common/util/concurrent/AbstractService.java,https://github.com/google/guava,guava,109,133
dd96b4930181fc70bd7c90beded3a272f251db35,2ef955163b3d43e7849c1929ef4e5d714b93da96,src/com/google/common/collect/MinMaxPriorityQueue.java,guava/src/com/google/common/collect/MinMaxPriorityQueue.java,https://github.com/google/guava,guava,645,680
65b86a4b57abbc844279a307339a4a615d57bb42,0b11aaacc0a7623675755a30aa1b172ad1150644,guava/src/com/google/common/collect/ComputingConcurrentHashMap.java,guava/src/com/google/common/collect/ComputingConcurrentHashMap.java,https://github.com/google/guava,guava,28,29
58c90ae66c33501b0d301e2307aeb53c5082bf6d,0b11aaacc0a7623675755a30aa1b172ad1150644,guava/src/com/google/common/collect/ComputingConcurrentHashMap.java,guava/src/com/google/common/collect/ComputingConcurrentHashMap.java,https://github.com/google/guava,guava,368,383
58c90ae66c33501b0d301e2307aeb53c5082bf6d,0b11aaacc0a7623675755a30aa1b172ad1150644,guava/src/com/google/common/collect/ComputingConcurrentHashMap.java,guava/src/com/google/common/collect/ComputingConcurrentHashMap.java,https://github.com/google/guava,guava,369,384
58c90ae66c33501b0d301e2307aeb53c5082bf6d,0b11aaacc0a7623675755a30aa1b172ad1150644,guava/src/com/google/common/collect/ComputingConcurrentHashMap.java,guava/src/com/google/common/collect/ComputingConcurrentHashMap.java,https://github.com/google/guava,guava,371,386
58c90ae66c33501b0d301e2307aeb53c5082bf6d,0b11aaacc0a7623675755a30aa1b172ad1150644,guava/src/com/google/common/collect/ComputingConcurrentHashMap.java,guava/src/com/google/common/collect/ComputingConcurrentHashMap.java,https://github.com/google/guava,guava,375,389
41ffe5d7a7fa4be3034c63b309094878618f801d,0b11aaacc0a7623675755a30aa1b172ad1150644,guava/src/com/google/common/collect/ComputingConcurrentHashMap.java,guava/src/com/google/common/collect/ComputingConcurrentHashMap.java,https://github.com/google/guava,guava,371,382
48a9f33b1d20381dbc51e038bebda59fba094e32,dcd0f8dda7d2458011c71054d6a40a0f8437125a,guava/src/com/google/common/io/Files.java,guava/src/com/google/common/io/Files.java,https://github.com/google/guava,guava,744,767
c4e15b8fc32c580afb8dc3fa6060bb67f23c92db,0b11aaacc0a7623675755a30aa1b172ad1150644,guava/src/com/google/common/collect/ComputingConcurrentHashMap.java,guava/src/com/google/common/collect/ComputingConcurrentHashMap.java,https://github.com/google/guava,guava,397,396
7021c4ef7f2960780a345e1fd3b4bd180170ee04,dcd0f8dda7d2458011c71054d6a40a0f8437125a,guava/src/com/google/common/io/Files.java,guava/src/com/google/common/io/Files.java,https://github.com/google/guava,guava,777,799
4d14578f560048c131e6748e64898008905dd7db,edcaa9418aa5e315ba081f4b6791bd9daa926bfa,guava/src/com/google/common/util/concurrent/Futures.java,guava/src/com/google/common/util/concurrent/Futures.java,https://github.com/google/guava,guava,1355,1403
6acec39b056814b43cc7c055f6fe197317a24865,0b11aaacc0a7623675755a30aa1b172ad1150644,guava/src/com/google/common/collect/ComputingConcurrentHashMap.java,guava/src/com/google/common/collect/ComputingConcurrentHashMap.java,https://github.com/google/guava,guava,379,387
6acec39b056814b43cc7c055f6fe197317a24865,0b11aaacc0a7623675755a30aa1b172ad1150644,guava/src/com/google/common/collect/MapMaker.java,guava/src/com/google/common/collect/MapMaker.java,https://github.com/google/guava,guava,722,609
d54d130fb1cbdc405e78adfc65339b8a3b6f26b4,fc5979f45d14e21d61c52f2adf9d292d2d605dc4,guava/src/com/google/common/collect/Multimaps.java,guava/src/com/google/common/collect/Multimaps.java,https://github.com/google/guava,guava,1808,1881
5560bc10e7472f94e8f50831eb0907a35628e725,a4944fb7e64392cd53159de6a42e2711e3808db1,guava-gwt/src-super/com/google/common/collect/super/com/google/common/collect/TreeMultiset.java,guava-gwt/src-super/com/google/common/collect/super/com/google/common/collect/TreeMultiset.java,https://github.com/google/guava,guava,150,221
5560bc10e7472f94e8f50831eb0907a35628e725,a4944fb7e64392cd53159de6a42e2711e3808db1,guava/src/com/google/common/collect/TreeMultiset.java,guava/src/com/google/common/collect/TreeMultiset.java,https://github.com/google/guava,guava,154,225
6923b5fac0feb7005429d0b24be93b91685f9637,ac579e0d20dd45ac8a713789e4708858a19fa894,guava/src/com/google/common/collect/SortedLists.java,guava/src/com/google/common/collect/SortedLists.java,https://github.com/google/guava,guava,192,192
956d3d3a40c6148de35957b1d0d4d8b268ba1ee6,16eac2df5395257ad039cad1c336c41bb55bb42a,guava/src/com/google/common/collect/Lists.java,guava/src/com/google/common/collect/Lists.java,https://github.com/google/guava,guava,507,634
956d3d3a40c6148de35957b1d0d4d8b268ba1ee6,f74b9dec6b2447b4e81b555a8f8fe0c37e427eb4,guava/src/com/google/common/util/concurrent/Futures.java,guava/src/com/google/common/util/concurrent/Futures.java,https://github.com/google/guava,guava,1083,1137
4a697ebc31adb6a67f39de72eaac0462c7de51ed,d4a7de716b6fdabb7fe3c6a9d9491502a7b136ed,guava/src/com/google/common/io/Files.java,guava/src/com/google/common/io/Files.java,https://github.com/google/guava,guava,806,806
3ba2abcbae26e2943b5514910a3ccee4966bae65,997fcecd77d595b28870417d3cc01cd89a653754,guava/src/com/google/common/io/Files.java,guava/src/com/google/common/io/Files.java,https://github.com/google/guava,guava,806,806
550c8c54f190cc722c46b0b9ddd7b3dc0e58e8e3,a4944fb7e64392cd53159de6a42e2711e3808db1,guava-gwt/src-super/com/google/common/collect/super/com/google/common/collect/TreeMultiset.java,guava-gwt/src-super/com/google/common/collect/super/com/google/common/collect/TreeMultiset.java,https://github.com/google/guava,guava,135,139
550c8c54f190cc722c46b0b9ddd7b3dc0e58e8e3,a4944fb7e64392cd53159de6a42e2711e3808db1,guava/src/com/google/common/collect/TreeMultiset.java,guava/src/com/google/common/collect/TreeMultiset.java,https://github.com/google/guava,guava,139,143
550c8c54f190cc722c46b0b9ddd7b3dc0e58e8e3,98d55289fcbb460e9c24c91391a08476be01f424,guava/src/com/google/common/collect/TreeMultiset.java,guava/src/com/google/common/collect/TreeMultiset.java,https://github.com/google/guava,guava,160,223
997fcecd77d595b28870417d3cc01cd89a653754,dcd0f8dda7d2458011c71054d6a40a0f8437125a,guava/src/com/google/common/io/Files.java,guava/src/com/google/common/io/Files.java,https://github.com/google/guava,guava,806,808
e4916cf1ad5e18427e76851741c88eb901d4bf8c,a4944fb7e64392cd53159de6a42e2711e3808db1,guava-gwt/src-super/com/google/common/collect/super/com/google/common/collect/TreeMultiset.java,guava-gwt/src-super/com/google/common/collect/super/com/google/common/collect/TreeMultiset.java,https://github.com/google/guava,guava,291,295
e4916cf1ad5e18427e76851741c88eb901d4bf8c,a4944fb7e64392cd53159de6a42e2711e3808db1,guava/src/com/google/common/collect/TreeMultiset.java,guava/src/com/google/common/collect/TreeMultiset.java,https://github.com/google/guava,guava,295,299
75ac5fd70fb316fcdcf9428a5d763d8db4fbe744,b7c9182e370d1f1f8e3cf43d675a961d7b3c0790,guava/src/com/google/common/cache/LocalCache.java,guava/src/com/google/common/cache/LocalCache.java,https://github.com/google/guava,guava,3038,3178
75ac5fd70fb316fcdcf9428a5d763d8db4fbe744,2501cceb9f8059153cacda024843b8969e2851d8,guava/src/com/google/common/cache/LocalCache.java,guava/src/com/google/common/cache/LocalCache.java,https://github.com/google/guava,guava,2291,2295
75ac5fd70fb316fcdcf9428a5d763d8db4fbe744,f0c1ccba7e35bf46585f3fa4d1aaef00dc11c4ee,guava/src/com/google/common/cache/LocalCache.java,guava/src/com/google/common/cache/LocalCache.java,https://github.com/google/guava,guava,2033,2010
75ac5fd70fb316fcdcf9428a5d763d8db4fbe744,9bf99b4d77339af124b8595028f4e9b1756917ca,guava/src/com/google/common/cache/LocalCache.java,guava/src/com/google/common/cache/LocalCache.java,https://github.com/google/guava,guava,4450,4495
4394fd2ad92e334ff0ac2d98ee931a773b567407,8d5659ad0e137d3a594014793264292a75b48bb9,guava/src/com/google/common/util/concurrent/AbstractService.java,guava/src/com/google/common/util/concurrent/AbstractService.java,https://github.com/google/guava,guava,210,236
eea6e7bfc9fe9475a6b32579a2fec75ae324ff8b,651774d3734a0f72dd7bccab9e57bd9579cfff0e,guava-testlib/src/com/google/common/testing/GcFinalization.java,guava-testlib/src/com/google/common/testing/GcFinalization.java,https://github.com/google/guava,guava,142,155
c29d8ae455fac7d3a416e92cd60be2d1f33d11f6,fc5979f45d14e21d61c52f2adf9d292d2d605dc4,guava-gwt/src-super/com/google/common/collect/super/com/google/common/collect/ImmutableMap.java,guava-gwt/src-super/com/google/common/collect/super/com/google/common/collect/ImmutableMap.java,https://github.com/google/guava,guava,120,120
c29d8ae455fac7d3a416e92cd60be2d1f33d11f6,fc5979f45d14e21d61c52f2adf9d292d2d605dc4,guava/src/com/google/common/collect/ImmutableMap.java,guava/src/com/google/common/collect/ImmutableMap.java,https://github.com/google/guava,guava,190,197
f8cdf1885e05d64889c64006c0a894062e71f581,5803df015fcefa7f5a635725f13b654ab4307746,guava/src/com/google/common/base/Optional.java,guava/src/com/google/common/base/Optional.java,https://github.com/google/guava,guava,171,175
f8cdf1885e05d64889c64006c0a894062e71f581,81f0a77431bf90bf02543b999577400c7c13aa13,guava/src/com/google/common/base/Optional.java,guava/src/com/google/common/base/Optional.java,https://github.com/google/guava,guava,171,175
03b79658d4d2591bf76e9377081c16906c77fe0b,7178ea3850dddda7acdf8f5709984764d2ae87d8,guava/src/com/google/common/cache/LocalCache.java,guava/src/com/google/common/cache/LocalCache.java,https://github.com/google/guava,guava,232,234
03b79658d4d2591bf76e9377081c16906c77fe0b,77eed532e9313671b16449facccbb3938cc9ecff,guava/src/com/google/common/cache/LocalCache.java,guava/src/com/google/common/cache/LocalCache.java,https://github.com/google/guava,guava,232,234
b041be5124ef01b392e21a3ff0bc3d93f552156d,fc5979f45d14e21d61c52f2adf9d292d2d605dc4,guava-gwt/src-super/com/google/common/collect/super/com/google/common/collect/Multimaps.java,guava-gwt/src-super/com/google/common/collect/super/com/google/common/collect/Multimaps.java,https://github.com/google/guava,guava,2451,2397
b041be5124ef01b392e21a3ff0bc3d93f552156d,fc5979f45d14e21d61c52f2adf9d292d2d605dc4,guava/src/com/google/common/collect/Multimaps.java,guava/src/com/google/common/collect/Multimaps.java,https://github.com/google/guava,guava,2668,2615
422653c89062c58e9206a147d4de26811aaf3ab2,2c6e1366dee1a252a08c889ef1d4e3eb0d54acbb,guava/src/com/google/common/hash/BloomFilterStrategies.java,guava/src/com/google/common/hash/BloomFilterStrategies.java,https://github.com/google/guava,guava,30,30
c27eee83a57e9b5639f9cbb251f456acd61bd534,651774d3734a0f72dd7bccab9e57bd9579cfff0e,guava/src/com/google/common/net/InetAddresses.java,guava/src/com/google/common/net/InetAddresses.java,https://github.com/google/guava,guava,514,501
720104e72da61e660c704195eba94de8b4926304,7178ea3850dddda7acdf8f5709984764d2ae87d8,guava-gwt/src-super/com/google/common/collect/super/com/google/common/collect/AbstractBiMap.java,guava-gwt/src-super/com/google/common/collect/super/com/google/common/collect/AbstractBiMap.java,https://github.com/google/guava,guava,68,68
720104e72da61e660c704195eba94de8b4926304,77eed532e9313671b16449facccbb3938cc9ecff,guava-gwt/src-super/com/google/common/collect/super/com/google/common/collect/AbstractBiMap.java,guava-gwt/src-super/com/google/common/collect/super/com/google/common/collect/AbstractBiMap.java,https://github.com/google/guava,guava,68,68
720104e72da61e660c704195eba94de8b4926304,7178ea3850dddda7acdf8f5709984764d2ae87d8,guava/src/com/google/common/collect/AbstractBiMap.java,guava/src/com/google/common/collect/AbstractBiMap.java,https://github.com/google/guava,guava,72,72
720104e72da61e660c704195eba94de8b4926304,77eed532e9313671b16449facccbb3938cc9ecff,guava/src/com/google/common/collect/AbstractBiMap.java,guava/src/com/google/common/collect/AbstractBiMap.java,https://github.com/google/guava,guava,72,72
8395dcbd9c9860508c9c16a7db3c07945ca346d7,843f8d8fc37133e6870d5b2200838219a55eb83e,guava/src/com/google/common/collect/Collections2.java,guava/src/com/google/common/collect/Collections2.java,https://github.com/google/guava,guava,25,25
8395dcbd9c9860508c9c16a7db3c07945ca346d7,fc5979f45d14e21d61c52f2adf9d292d2d605dc4,guava/src/com/google/common/collect/Collections2.java,guava/src/com/google/common/collect/Collections2.java,https://github.com/google/guava,guava,504,497
49ae40b145bebb8bd06a967edc03cb285577d0cc,b4cf74aa3a56751f25ae09eb79b68e0656d40618,guava/src/com/google/common/base/CharMatcher.java,guava/src/com/google/common/base/CharMatcher.java,https://github.com/google/guava,guava,1182,1259
d72c700e82a8aa728569ff7182aac5b63978f83f,16eac2df5395257ad039cad1c336c41bb55bb42a,guava-gwt/src-super/com/google/common/collect/super/com/google/common/collect/Lists.java,guava-gwt/src-super/com/google/common/collect/super/com/google/common/collect/Lists.java,https://github.com/google/guava,guava,677,764
d72c700e82a8aa728569ff7182aac5b63978f83f,16eac2df5395257ad039cad1c336c41bb55bb42a,guava/src/com/google/common/collect/Lists.java,guava/src/com/google/common/collect/Lists.java,https://github.com/google/guava,guava,714,798
42422ccbd626e58696bc7bf6e4cf89142aeb0df4,1b1163b7e2c121d4a5b25b8966714201551976c4,guava/src/com/google/common/math/DoubleMath.java,guava/src/com/google/common/math/DoubleMath.java,https://github.com/google/guava,guava,66,69
525c016d108a33bd148036a7afef01cd73709a03,4dcbc834151c35573ed64e8b3b377afe68963620,guava/src/com/google/common/primitives/UnsignedBytes.java,guava/src/com/google/common/primitives/UnsignedBytes.java,https://github.com/google/guava,guava,389,409
813d692929d7ce614a073ebf22c0c1a2669b43eb,5c2ee466c3d270bf498e352c081bad27f074344b,guava/src/com/google/common/cache/LocalCache.java,guava/src/com/google/common/cache/LocalCache.java,https://github.com/google/guava,guava,655,654
813d692929d7ce614a073ebf22c0c1a2669b43eb,5c2ee466c3d270bf498e352c081bad27f074344b,guava/src/com/google/common/cache/LocalCache.java,guava/src/com/google/common/cache/LocalCache.java,https://github.com/google/guava,guava,3619,3621
813d692929d7ce614a073ebf22c0c1a2669b43eb,5c2ee466c3d270bf498e352c081bad27f074344b,guava/src/com/google/common/collect/ComputingConcurrentHashMap.java,guava/src/com/google/common/collect/ComputingConcurrentHashMap.java,https://github.com/google/guava,guava,311,311
24dbee52488621b0529ed0caa0b7128c050f32da,fc5979f45d14e21d61c52f2adf9d292d2d605dc4,guava-gwt/src-super/com/google/common/collect/super/com/google/common/collect/TreeMultiset.java,guava-gwt/src-super/com/google/common/collect/super/com/google/common/collect/TreeMultiset.java,https://github.com/google/guava,guava,464,464
24dbee52488621b0529ed0caa0b7128c050f32da,fc5979f45d14e21d61c52f2adf9d292d2d605dc4,guava/src/com/google/common/collect/TreeMultiset.java,guava/src/com/google/common/collect/TreeMultiset.java,https://github.com/google/guava,guava,468,468
24dbee52488621b0529ed0caa0b7128c050f32da,98d55289fcbb460e9c24c91391a08476be01f424,guava/src/com/google/common/collect/TreeMultiset.java,guava/src/com/google/common/collect/TreeMultiset.java,https://github.com/google/guava,guava,184,195
24dbee52488621b0529ed0caa0b7128c050f32da,98d55289fcbb460e9c24c91391a08476be01f424,guava/src/com/google/common/collect/TreeMultiset.java,guava/src/com/google/common/collect/TreeMultiset.java,https://github.com/google/guava,guava,186,197
50aa85dbbbea3e3826a9d7e4c9de0fd3669c625d,16eac2df5395257ad039cad1c336c41bb55bb42a,guava/src/com/google/common/collect/Sets.java,guava/src/com/google/common/collect/Sets.java,https://github.com/google/guava,guava,1465,1617
3d812f0b4dd11b055b5b372e4947b1cab21caa7b,8d5659ad0e137d3a594014793264292a75b48bb9,guava/src/com/google/common/util/concurrent/AbstractService.java,guava/src/com/google/common/util/concurrent/AbstractService.java,https://github.com/google/guava,guava,314,300
3d812f0b4dd11b055b5b372e4947b1cab21caa7b,8d5659ad0e137d3a594014793264292a75b48bb9,guava/src/com/google/common/util/concurrent/AbstractService.java,guava/src/com/google/common/util/concurrent/AbstractService.java,https://github.com/google/guava,guava,330,316
7eec09ede5fa6ccdb1cb19558833c6857b037171,81abc0864e77e320c47d16b7da00097c6c87c677,guava/src/com/google/common/util/concurrent/AbstractService.java,guava/src/com/google/common/util/concurrent/AbstractService.java,https://github.com/google/guava,guava,508,508
7eec09ede5fa6ccdb1cb19558833c6857b037171,843916e3258925b14ec8a1f97514f45c9b4692c0,guava/src/com/google/common/util/concurrent/AbstractService.java,guava/src/com/google/common/util/concurrent/AbstractService.java,https://github.com/google/guava,guava,167,168
ecfa6f67f323c23f10a1ceed7596e095618fa044,98d55289fcbb460e9c24c91391a08476be01f424,guava/src/com/google/common/collect/Range.java,guava/src/com/google/common/collect/Range.java,https://github.com/google/guava,guava,220,234
1af87fe81cd282cf8593066ca2f9fa690092bd78,1161d53ad0b9da0e9fc14a97607c78f1a0b555eb,guava/src/com/google/common/util/concurrent/Futures.java,guava/src/com/google/common/util/concurrent/Futures.java,https://github.com/google/guava,guava,121,136
d024c5066fb410169350f8a62668d9fbf075a3e4,ec36ee10cd3b2e9d30b851de9ad8c98cbf194150,guava/src/com/google/common/reflect/Invokable.java,guava/src/com/google/common/reflect/Invokable.java,https://github.com/google/guava,guava,172,172
a3df035531ff51546466335635e72500a7a95348,e7f902c768e974552f954a1a55970d6ef39dc6fb,guava-testlib/src/com/google/common/testing/FreshValueGenerator.java,guava-testlib/src/com/google/common/testing/FreshValueGenerator.java,https://github.com/google/guava,guava,173,164
72a25f66b25db2c957bf8f287c2e54baf418d514,130bead827402e841282eaf8f197c6c4ce64ec4c,guava/src/com/google/common/collect/HashBiMap.java,guava/src/com/google/common/collect/HashBiMap.java,https://github.com/google/guava,guava,272,320
b0cbbf5aa492b86d67963e3be730164ad8857536,03e61eefd8bb423859d35809d50877f8af8874cb,guava/src/com/google/common/collect/Maps.java,guava/src/com/google/common/collect/Maps.java,https://github.com/google/guava,guava,2659,3134
9e63a9a917369de06ed131c15dccc686808c6cc8,e7f902c768e974552f954a1a55970d6ef39dc6fb,guava-testlib/src/com/google/common/testing/FreshValueGenerator.java,guava-testlib/src/com/google/common/testing/FreshValueGenerator.java,https://github.com/google/guava,guava,317,374
7396830c4c179496b2cc81d3c2fe86bd6bf675e3,e7f902c768e974552f954a1a55970d6ef39dc6fb,guava-testlib/src/com/google/common/testing/FreshValueGenerator.java,guava-testlib/src/com/google/common/testing/FreshValueGenerator.java,https://github.com/google/guava,guava,313,370
5a2e0bc809a9ea9801364595f1c7681a9ac7f509,66cd1f704232526329b9e3d808c4deb3adb5c7fa,guava/src/com/google/common/util/concurrent/RateLimiter.java,guava/src/com/google/common/util/concurrent/RateLimiter.java,https://github.com/google/guava,guava,309,307
5a2e0bc809a9ea9801364595f1c7681a9ac7f509,a45226a2169b0da4d1f28f5b89351f99798dbddc,guava/src/com/google/common/util/concurrent/RateLimiter.java,guava/src/com/google/common/util/concurrent/RateLimiter.java,https://github.com/google/guava,guava,309,307
5a2e0bc809a9ea9801364595f1c7681a9ac7f509,66cd1f704232526329b9e3d808c4deb3adb5c7fa,guava/src/com/google/common/util/concurrent/RateLimiter.java,guava/src/com/google/common/util/concurrent/RateLimiter.java,https://github.com/google/guava,guava,384,397
5a2e0bc809a9ea9801364595f1c7681a9ac7f509,a45226a2169b0da4d1f28f5b89351f99798dbddc,guava/src/com/google/common/util/concurrent/RateLimiter.java,guava/src/com/google/common/util/concurrent/RateLimiter.java,https://github.com/google/guava,guava,384,397
01223bd8c610024f743b1759fc64b2e0c01ff9ff,66cd1f704232526329b9e3d808c4deb3adb5c7fa,guava/src/com/google/common/util/concurrent/RateLimiter.java,guava/src/com/google/common/util/concurrent/RateLimiter.java,https://github.com/google/guava,guava,343,334
01223bd8c610024f743b1759fc64b2e0c01ff9ff,a45226a2169b0da4d1f28f5b89351f99798dbddc,guava/src/com/google/common/util/concurrent/RateLimiter.java,guava/src/com/google/common/util/concurrent/RateLimiter.java,https://github.com/google/guava,guava,343,334
39b6a72246fcde454321b03823f4981f6394a63f,ac579e0d20dd45ac8a713789e4708858a19fa894,guava/src/com/google/common/collect/Range.java,guava/src/com/google/common/collect/Range.java,https://github.com/google/guava,guava,367,365
39b6a72246fcde454321b03823f4981f6394a63f,ac579e0d20dd45ac8a713789e4708858a19fa894,guava/src/com/google/common/collect/Range.java,guava/src/com/google/common/collect/Range.java,https://github.com/google/guava,guava,368,366
9ede30c33a1ad7e79b54a601a79af53526a40d4f,e7f902c768e974552f954a1a55970d6ef39dc6fb,guava-testlib/src/com/google/common/testing/FreshValueGenerator.java,guava-testlib/src/com/google/common/testing/FreshValueGenerator.java,https://github.com/google/guava,guava,185,182
9ede30c33a1ad7e79b54a601a79af53526a40d4f,e7f902c768e974552f954a1a55970d6ef39dc6fb,guava-testlib/src/com/google/common/testing/FreshValueGenerator.java,guava-testlib/src/com/google/common/testing/FreshValueGenerator.java,https://github.com/google/guava,guava,224,229
8485330b17d5cd0b93fbb2f1429c09bf2a4155ab,542600dcff42f6846f662ac3a946348a7cf8ed3c,guava-gwt/src-super/com/google/common/collect/super/com/google/common/collect/ImmutableMapValues.java,guava-gwt/src-super/com/google/common/collect/super/com/google/common/collect/ImmutableMapValues.java,https://github.com/google/guava,guava,49,49
8485330b17d5cd0b93fbb2f1429c09bf2a4155ab,542600dcff42f6846f662ac3a946348a7cf8ed3c,guava/src/com/google/common/collect/ImmutableMapValues.java,guava/src/com/google/common/collect/ImmutableMapValues.java,https://github.com/google/guava,guava,51,51
372a94bfa7992a98698affc08fc523d0b77e1bc3,130bead827402e841282eaf8f197c6c4ce64ec4c,guava/src/com/google/common/collect/HashBiMap.java,guava/src/com/google/common/collect/HashBiMap.java,https://github.com/google/guava,guava,265,318
a37ebc6eb5f242ccfa90cc11eef369979e932685,87d550f3fe7dc22540b1b6dba21179a1b2b92658,guava/src/com/google/common/collect/RegularImmutableMap.java,guava/src/com/google/common/collect/RegularImmutableMap.java,https://github.com/google/guava,guava,92,151
d2cfd91e0d557bba565e2c8dadd0b5b3f475f790,651774d3734a0f72dd7bccab9e57bd9579cfff0e,guava/src/com/google/common/base/Stopwatch.java,guava/src/com/google/common/base/Stopwatch.java,https://github.com/google/guava,guava,202,222
6b0f80d75843cd7b8623861198a9b7eee4d3eb6b,542600dcff42f6846f662ac3a946348a7cf8ed3c,guava-gwt/src-super/com/google/common/collect/super/com/google/common/collect/ImmutableMap.java,guava-gwt/src-super/com/google/common/collect/super/com/google/common/collect/ImmutableMap.java,https://github.com/google/guava,guava,204,204
6b0f80d75843cd7b8623861198a9b7eee4d3eb6b,542600dcff42f6846f662ac3a946348a7cf8ed3c,guava/src/com/google/common/collect/ImmutableMap.java,guava/src/com/google/common/collect/ImmutableMap.java,https://github.com/google/guava,guava,377,377
cafb21d020445be9819d047961b2c8c3d8b956db,49d8026ac5cc8d1d0acd4bd79f0a22f5b8fcb8cf,guava/src/com/google/common/reflect/TypeResolver.java,guava/src/com/google/common/reflect/TypeResolver.java,https://github.com/google/guava,guava,146,153
7f1c522ef811e207367e974bf1c93e327e9b4dfb,a36f08fe312ec16ad86b9206290929f0686d3b02,guava/src/com/google/common/hash/Murmur3_32HashFunction.java,guava/src/com/google/common/hash/Murmur3_32HashFunction.java,https://github.com/google/guava,guava,74,91
da7157938e5ff11b46f9ffe713ee4dd96eb6a786,6b3dd12bb8960885afedb1807660d923fe3bfce8,guava/src/com/google/common/hash/HashCode.java,guava/src/com/google/common/hash/HashCode.java,https://github.com/google/guava,guava,292,292
5f913f5e6411698a4e50a0593ea4db4632e2c912,2b8af31fb49ecabdbefe66df8b369e1b137d10f2,guava/src/com/google/common/reflect/TypeResolver.java,guava/src/com/google/common/reflect/TypeResolver.java,https://github.com/google/guava,guava,392,447
cbb55be43e7d21aa42f3c46d442a088386e66cf5,e7f902c768e974552f954a1a55970d6ef39dc6fb,guava-testlib/src/com/google/common/testing/FreshValueGenerator.java,guava-testlib/src/com/google/common/testing/FreshValueGenerator.java,https://github.com/google/guava,guava,484,507
6c2d78402229cc267bddb26f174078d1353337d0,e7f902c768e974552f954a1a55970d6ef39dc6fb,guava-testlib/src/com/google/common/testing/FreshValueGenerator.java,guava-testlib/src/com/google/common/testing/FreshValueGenerator.java,https://github.com/google/guava,guava,146,146
6c2d78402229cc267bddb26f174078d1353337d0,e7f902c768e974552f954a1a55970d6ef39dc6fb,guava-testlib/src/com/google/common/testing/FreshValueGenerator.java,guava-testlib/src/com/google/common/testing/FreshValueGenerator.java,https://github.com/google/guava,guava,212,212
f9fe59bce49cb683c6f9436b0f13473b92d54660,45a86bdccfec118216f808c95437455df6b8b560,guava/src/com/google/common/util/concurrent/RateLimiter.java,guava/src/com/google/common/util/concurrent/RateLimiter.java,https://github.com/google/guava,guava,348,348
07f99e57570b6e81d89c86f4f36fb9a6784d34b3,e7f1daf9ef218a4c7fefc6d356c2119a8f04c629,guava/src/com/google/common/util/concurrent/RateLimiter.java,guava/src/com/google/common/util/concurrent/RateLimiter.java,https://github.com/google/guava,guava,348,348
07f99e57570b6e81d89c86f4f36fb9a6784d34b3,651774d3734a0f72dd7bccab9e57bd9579cfff0e,guava/src/com/google/common/util/concurrent/RateLimiter.java,guava/src/com/google/common/util/concurrent/RateLimiter.java,https://github.com/google/guava,guava,479,400
16d63702dcd4dc9dd470f9ec7d8727f711793d7d,66cd1f704232526329b9e3d808c4deb3adb5c7fa,guava/src/com/google/common/util/concurrent/RateLimiter.java,guava/src/com/google/common/util/concurrent/RateLimiter.java,https://github.com/google/guava,guava,348,348
3d8c430e2c047aa400512e4eaee8d3dd25a0ad09,a45226a2169b0da4d1f28f5b89351f99798dbddc,guava/src/com/google/common/util/concurrent/RateLimiter.java,guava/src/com/google/common/util/concurrent/RateLimiter.java,https://github.com/google/guava,guava,348,348
7c85e1303b7a506d500652d608329adf5dd90813,651774d3734a0f72dd7bccab9e57bd9579cfff0e,guava/src/com/google/common/eventbus/EventBus.java,guava/src/com/google/common/eventbus/EventBus.java,https://github.com/google/guava,guava,174,174
64658a320272c1ca4154a45681155283f4d9c42d,e7f902c768e974552f954a1a55970d6ef39dc6fb,guava-testlib/src/com/google/common/testing/FreshValueGenerator.java,guava-testlib/src/com/google/common/testing/FreshValueGenerator.java,https://github.com/google/guava,guava,414,414
353ae349a24fb6c9b3e233ca03e4012761c7f3d8,1ab659d452ecddb90b508f6fba9e5ef5bde97d63,guava/src/com/google/common/util/concurrent/AbstractFuture.java,guava/src/com/google/common/util/concurrent/AbstractFuture.java,https://github.com/google/guava,guava,112,112
353ae349a24fb6c9b3e233ca03e4012761c7f3d8,9b972a21f793fcbb1ac2d41d6c6d6c97d54adb25,guava/src/com/google/common/util/concurrent/AbstractFuture.java,guava/src/com/google/common/util/concurrent/AbstractFuture.java,https://github.com/google/guava,guava,356,434
81b23cdc840018da4fc07ccfcd55c78391f44df0,896c51abd32e136621c13d56b6130d0a72f4957a,guava/src/com/google/common/reflect/ClassPath.java,guava/src/com/google/common/reflect/ClassPath.java,https://github.com/google/guava,guava,415,413
a904e91af4eea83b91f7bf3acff90b14927eced7,896c51abd32e136621c13d56b6130d0a72f4957a,guava/src/com/google/common/reflect/ClassPath.java,guava/src/com/google/common/reflect/ClassPath.java,https://github.com/google/guava,guava,420,432
e9a23fe5ef043723c428a47ca96049306fcf813d,6c63cf3c8a9d94821e2b24a96fb4c3564377051f,guava-testlib/src/com/google/common/collect/testing/Helpers.java,guava-testlib/src/com/google/common/collect/testing/Helpers.java,https://github.com/google/guava,guava,82,80
0f7c6c8e5f4ce82a7dbe89afea568093f02d79ce,9bf99b4d77339af124b8595028f4e9b1756917ca,guava/src/com/google/common/cache/LocalCache.java,guava/src/com/google/common/cache/LocalCache.java,https://github.com/google/guava,guava,4480,4480
0f7c6c8e5f4ce82a7dbe89afea568093f02d79ce,4ed49723048ec8631a4cec425f0bc497be05848b,guava/src/com/google/common/cache/LocalCache.java,guava/src/com/google/common/cache/LocalCache.java,https://github.com/google/guava,guava,43,42
0f7c6c8e5f4ce82a7dbe89afea568093f02d79ce,4ed49723048ec8631a4cec425f0bc497be05848b,guava/src/com/google/common/cache/LocalCache.java,guava/src/com/google/common/cache/LocalCache.java,https://github.com/google/guava,guava,67,69
8ff490732db7a71adcf561171b5444ddc61c8990,03e61eefd8bb423859d35809d50877f8af8874cb,guava/src/com/google/common/collect/Maps.java,guava/src/com/google/common/collect/Maps.java,https://github.com/google/guava,guava,2990,2986
8ff490732db7a71adcf561171b5444ddc61c8990,03e61eefd8bb423859d35809d50877f8af8874cb,guava/src/com/google/common/collect/Multimaps.java,guava/src/com/google/common/collect/Multimaps.java,https://github.com/google/guava,guava,2106,2101
8ff490732db7a71adcf561171b5444ddc61c8990,03e61eefd8bb423859d35809d50877f8af8874cb,guava/src/com/google/common/collect/Multimaps.java,guava/src/com/google/common/collect/Multimaps.java,https://github.com/google/guava,guava,2118,2113
9bf99b4d77339af124b8595028f4e9b1756917ca,4ed49723048ec8631a4cec425f0bc497be05848b,guava/src/com/google/common/cache/LocalCache.java,guava/src/com/google/common/cache/LocalCache.java,https://github.com/google/guava,guava,4480,4601
9bf99b4d77339af124b8595028f4e9b1756917ca,4ed49723048ec8631a4cec425f0bc497be05848b,guava/src/com/google/common/collect/MapMakerInternalMap.java,guava/src/com/google/common/collect/MapMakerInternalMap.java,https://github.com/google/guava,guava,3855,2798
9bf99b4d77339af124b8595028f4e9b1756917ca,4ed49723048ec8631a4cec425f0bc497be05848b,guava/src/com/google/common/collect/MapMakerInternalMap.java,guava/src/com/google/common/collect/MapMakerInternalMap.java,https://github.com/google/guava,guava,3931,2874
c115c594de2f63bc710260cfadbe44b3b0e6ba25,73e17314732faf33224987fc37df9c3860296888,guava/src/com/google/common/util/concurrent/AbstractFuture.java,guava/src/com/google/common/util/concurrent/AbstractFuture.java,https://github.com/google/guava,guava,516,550
1667927759ca66835d3154c99d25fa4799e507d6,19cfef214c62c42466cb067a949207794f837d36,guava-gwt/src-super/com/google/common/util/concurrent/super/com/google/common/util/concurrent/GwtFuturesCatchingSpecialization.java,guava-gwt/src-super/com/google/common/util/concurrent/super/com/google/common/util/concurrent/GwtFuturesCatchingSpecialization.java,https://github.com/google/guava,guava,60,47
1667927759ca66835d3154c99d25fa4799e507d6,19cfef214c62c42466cb067a949207794f837d36,guava/src/com/google/common/util/concurrent/Futures.java,guava/src/com/google/common/util/concurrent/Futures.java,https://github.com/google/guava,guava,573,371
1667927759ca66835d3154c99d25fa4799e507d6,19cfef214c62c42466cb067a949207794f837d36,guava/src/com/google/common/util/concurrent/Futures.java,guava/src/com/google/common/util/concurrent/Futures.java,https://github.com/google/guava,guava,789,455
60fe0bb1bf3257779474af8fd80a59cb9a2f402a,73e17314732faf33224987fc37df9c3860296888,guava/src/com/google/common/util/concurrent/AbstractFuture.java,guava/src/com/google/common/util/concurrent/AbstractFuture.java,https://github.com/google/guava,guava,516,548
69a75be1f1f8b15a03fe8aaf985aceadc7a10f41,73e17314732faf33224987fc37df9c3860296888,guava/src/com/google/common/util/concurrent/AbstractFuture.java,guava/src/com/google/common/util/concurrent/AbstractFuture.java,https://github.com/google/guava,guava,527,546
eef1c0b22f32fd966f19b3c3f049a113b992fe4c,94116b064ca2383d12eb3c23fe54a2bf1fc39067,guava/src/com/google/common/util/concurrent/AbstractFuture.java,guava/src/com/google/common/util/concurrent/AbstractFuture.java,https://github.com/google/guava,guava,133,148
20078868d0e6b7739cc806319dcfe1534f82d74d,6427916a307897e56796f37609506d1062d72163,guava/src/com/google/common/graph/Graphs.java,guava/src/com/google/common/graph/Graphs.java,https://github.com/google/guava,guava,434,300
c1c5dae45283129c67eb7d5d2b5b90eff4c92c4c,6427916a307897e56796f37609506d1062d72163,guava/src/com/google/common/graph/Graphs.java,guava/src/com/google/common/graph/Graphs.java,https://github.com/google/guava,guava,32,33
c1c5dae45283129c67eb7d5d2b5b90eff4c92c4c,6427916a307897e56796f37609506d1062d72163,guava/src/com/google/common/graph/Graphs.java,guava/src/com/google/common/graph/Graphs.java,https://github.com/google/guava,guava,265,189
c1c5dae45283129c67eb7d5d2b5b90eff4c92c4c,6427916a307897e56796f37609506d1062d72163,guava/src/com/google/common/graph/Graphs.java,guava/src/com/google/common/graph/Graphs.java,https://github.com/google/guava,guava,364,289
c1c5dae45283129c67eb7d5d2b5b90eff4c92c4c,6427916a307897e56796f37609506d1062d72163,guava/src/com/google/common/graph/Graphs.java,guava/src/com/google/common/graph/Graphs.java,https://github.com/google/guava,guava,399,308
c1c5dae45283129c67eb7d5d2b5b90eff4c92c4c,6427916a307897e56796f37609506d1062d72163,guava/src/com/google/common/graph/Graphs.java,guava/src/com/google/common/graph/Graphs.java,https://github.com/google/guava,guava,403,312
dd6b0e8b0f143d357784ddb4c16223a3ac125113,373d18a79d446b2770b7b16545c6599203088aae,guava/src/com/google/common/graph/DirectedNodeAdjacencies.java,guava/src/com/google/common/graph/DirectedNodeAdjacencies.java,https://github.com/google/guava,guava,79,84
80dad6bf149f9b8d66e4db4436034cf6b7018398,94116b064ca2383d12eb3c23fe54a2bf1fc39067,guava/src/com/google/common/util/concurrent/AggregateFutureState.java,guava/src/com/google/common/util/concurrent/AggregateFutureState.java,https://github.com/google/guava,guava,61,62
7fbd99f23566e293a6b89db4639b91e31b6053b8,6427916a307897e56796f37609506d1062d72163,guava/src/com/google/common/graph/Graphs.java,guava/src/com/google/common/graph/Graphs.java,https://github.com/google/guava,guava,311,264
4736eea644d1d22e3f48bdfe4b315ee0e6288cfa,6427916a307897e56796f37609506d1062d72163,guava/src/com/google/common/graph/Graphs.java,guava/src/com/google/common/graph/Graphs.java,https://github.com/google/guava,guava,127,140
9d2a5e9beaf310d81134e3629e5ffec1854f420c,373d18a79d446b2770b7b16545c6599203088aae,guava/src/com/google/common/graph/AbstractDirectedNodeConnections.java,guava/src/com/google/common/graph/AbstractDirectedNodeConnections.java,https://github.com/google/guava,guava,22,22
49c91f7d855d2334b1417e3b64767b2aed29a2bb,6427916a307897e56796f37609506d1062d72163,guava/src/com/google/common/graph/Graphs.java,guava/src/com/google/common/graph/Graphs.java,https://github.com/google/guava,guava,157,136
49c91f7d855d2334b1417e3b64767b2aed29a2bb,6427916a307897e56796f37609506d1062d72163,guava/src/com/google/common/graph/Graphs.java,guava/src/com/google/common/graph/Graphs.java,https://github.com/google/guava,guava,189,168
fd3c30f0efd09435c010f5fab52495554242ab52,73e17314732faf33224987fc37df9c3860296888,guava/src/com/google/common/util/concurrent/AbstractFuture.java,guava/src/com/google/common/util/concurrent/AbstractFuture.java,https://github.com/google/guava,guava,761,772
73e382fa877f80994817a136b0adcc4365ccd904,61110e175fc90fa2e8d675c8de85dff4ed699b07,guava/src/com/google/common/collect/RegularImmutableSortedMultiset.java,guava/src/com/google/common/collect/RegularImmutableSortedMultiset.java,https://github.com/google/guava,guava,72,72
2ef955163b3d43e7849c1929ef4e5d714b93da96,397d2a62c4cdbf37e22b303acc7800b14a3c4534,guava/src/com/google/common/collect/MinMaxPriorityQueue.java,guava/src/com/google/common/collect/MinMaxPriorityQueue.java,https://github.com/google/guava,guava,828,828
303fc3f3a623a7278ff11e114fa935200ff7080f,a36f08fe312ec16ad86b9206290929f0686d3b02,android/guava/src/com/google/common/hash/Murmur3_32HashFunction.java,android/guava/src/com/google/common/hash/Murmur3_32HashFunction.java,https://github.com/google/guava,guava,47,56
303fc3f3a623a7278ff11e114fa935200ff7080f,a36f08fe312ec16ad86b9206290929f0686d3b02,guava/src/com/google/common/hash/Murmur3_32HashFunction.java,guava/src/com/google/common/hash/Murmur3_32HashFunction.java,https://github.com/google/guava,guava,47,56
fffd2b1f67d158c7b4052123c5032b0ba54a910d,a3e680ed62b116fd7b3f521b61efa85290c63c7e,android/guava/src/com/google/common/util/concurrent/AtomicDouble.java,android/guava/src/com/google/common/util/concurrent/AtomicDouble.java,https://github.com/google/guava,guava,22,22
49e145257d6dfb36ca1dd17a144d81c635504b9e,2ee7f9da69308c56d5af71267e8b797cedaf31ba,android/guava/src/com/google/common/graph/AbstractNetwork.java,android/guava/src/com/google/common/graph/AbstractNetwork.java,https://github.com/google/guava,guava,197,212
49e145257d6dfb36ca1dd17a144d81c635504b9e,2ee7f9da69308c56d5af71267e8b797cedaf31ba,guava/src/com/google/common/graph/AbstractNetwork.java,guava/src/com/google/common/graph/AbstractNetwork.java,https://github.com/google/guava,guava,203,222
cf1478062f646ec0d7e1d96f8ab52e7194b50ce8,04d8a7ebd85a88837f840a5c16a5085609e065d9,android/guava/src/com/google/common/util/concurrent/InterruptibleTask.java,android/guava/src/com/google/common/util/concurrent/InterruptibleTask.java,https://github.com/google/guava,guava,41,41
cf1478062f646ec0d7e1d96f8ab52e7194b50ce8,04d8a7ebd85a88837f840a5c16a5085609e065d9,guava/src/com/google/common/util/concurrent/InterruptibleTask.java,guava/src/com/google/common/util/concurrent/InterruptibleTask.java,https://github.com/google/guava,guava,41,41
934e3840945d3b866f80c28135a0369cb32d7163,4ed49723048ec8631a4cec425f0bc497be05848b,android/guava/src/com/google/common/collect/MapMakerInternalMap.java,android/guava/src/com/google/common/collect/MapMakerInternalMap.java,https://github.com/google/guava,guava,2860,2873
934e3840945d3b866f80c28135a0369cb32d7163,4ed49723048ec8631a4cec425f0bc497be05848b,guava/src/com/google/common/collect/MapMakerInternalMap.java,guava/src/com/google/common/collect/MapMakerInternalMap.java,https://github.com/google/guava,guava,2860,2873
33f372cba88cd687c20874d392f51bfe1069e3ae,4ed49723048ec8631a4cec425f0bc497be05848b,android/guava/src/com/google/common/collect/MapMakerInternalMap.java,android/guava/src/com/google/common/collect/MapMakerInternalMap.java,https://github.com/google/guava,guava,2771,2802
33f372cba88cd687c20874d392f51bfe1069e3ae,4ed49723048ec8631a4cec425f0bc497be05848b,guava/src/com/google/common/collect/MapMakerInternalMap.java,guava/src/com/google/common/collect/MapMakerInternalMap.java,https://github.com/google/guava,guava,2771,2802
3dc87b992dc4d3db9ba32f10e575994ab8a8f475,a3e680ed62b116fd7b3f521b61efa85290c63c7e,android/guava/src/com/google/common/util/concurrent/AtomicDouble.java,android/guava/src/com/google/common/util/concurrent/AtomicDouble.java,https://github.com/google/guava,guava,108,108
0a2258e6691a22aa7ff2604871b520d44bbac01f,fde1b8451d8d84c2842cbb75dd66a3d0b58a4274,guava/src/com/google/common/cache/LocalCache.java,guava/src/com/google/common/cache/LocalCache.java,https://github.com/google/guava,guava,239,244
0a2258e6691a22aa7ff2604871b520d44bbac01f,fde1b8451d8d84c2842cbb75dd66a3d0b58a4274,guava/src/com/google/common/collect/MapMakerInternalMap.java,guava/src/com/google/common/collect/MapMakerInternalMap.java,https://github.com/google/guava,guava,51,51
0a2258e6691a22aa7ff2604871b520d44bbac01f,fde1b8451d8d84c2842cbb75dd66a3d0b58a4274,guava/src/com/google/common/collect/MapMakerInternalMap.java,guava/src/com/google/common/collect/MapMakerInternalMap.java,https://github.com/google/guava,guava,451,450
9b4a9dbe4cc44abf5ef8dd915acfffcf00f7c28c,fde1b8451d8d84c2842cbb75dd66a3d0b58a4274,guava/src/com/google/common/cache/LocalCache.java,guava/src/com/google/common/cache/LocalCache.java,https://github.com/google/guava,guava,233,238
9b4a9dbe4cc44abf5ef8dd915acfffcf00f7c28c,fde1b8451d8d84c2842cbb75dd66a3d0b58a4274,guava/src/com/google/common/collect/MapMakerInternalMap.java,guava/src/com/google/common/collect/MapMakerInternalMap.java,https://github.com/google/guava,guava,393,389
9b4a9dbe4cc44abf5ef8dd915acfffcf00f7c28c,fde1b8451d8d84c2842cbb75dd66a3d0b58a4274,guava/src/com/google/common/collect/MapMakerInternalMap.java,guava/src/com/google/common/collect/MapMakerInternalMap.java,https://github.com/google/guava,guava,757,786
af3ee1c5986005e4fdeec6e3430d8d63316bee6b,2ee7f9da69308c56d5af71267e8b797cedaf31ba,android/guava/src/com/google/common/graph/AbstractNetwork.java,android/guava/src/com/google/common/graph/AbstractNetwork.java,https://github.com/google/guava,guava,221,221
af3ee1c5986005e4fdeec6e3430d8d63316bee6b,2ee7f9da69308c56d5af71267e8b797cedaf31ba,guava/src/com/google/common/graph/AbstractNetwork.java,guava/src/com/google/common/graph/AbstractNetwork.java,https://github.com/google/guava,guava,231,231
addd09ad01d7dbe7d5a72a1c5b949c3e08571910,0e2fa3ece48bc46ad173f43d7a6bdd7571bc95d3,android/guava/src/com/google/common/util/concurrent/InterruptibleTask.java,android/guava/src/com/google/common/util/concurrent/InterruptibleTask.java,https://github.com/google/guava,guava,50,57
addd09ad01d7dbe7d5a72a1c5b949c3e08571910,0e2fa3ece48bc46ad173f43d7a6bdd7571bc95d3,guava/src/com/google/common/util/concurrent/InterruptibleTask.java,guava/src/com/google/common/util/concurrent/InterruptibleTask.java,https://github.com/google/guava,guava,50,57
559e1ac1359e8d5dc0941aa72691698185d65407,fde1b8451d8d84c2842cbb75dd66a3d0b58a4274,guava/src/com/google/common/cache/LocalCache.java,guava/src/com/google/common/cache/LocalCache.java,https://github.com/google/guava,guava,1888,1915
559e1ac1359e8d5dc0941aa72691698185d65407,fde1b8451d8d84c2842cbb75dd66a3d0b58a4274,guava/src/com/google/common/collect/MapMakerInternalMap.java,guava/src/com/google/common/collect/MapMakerInternalMap.java,https://github.com/google/guava,guava,1191,1230
f788577905aa1359e5d4b54b4b3d8f45ff12e122,d24a53366d237db4738d2b23cf7fe55af386bd25,guava/src/com/google/common/collect/Multimaps.java,guava/src/com/google/common/collect/Multimaps.java,https://github.com/google/guava,guava,272,272
f788577905aa1359e5d4b54b4b3d8f45ff12e122,d24a53366d237db4738d2b23cf7fe55af386bd25,guava/src/com/google/common/collect/MutableClassToInstanceMap.java,guava/src/com/google/common/collect/MutableClassToInstanceMap.java,https://github.com/google/guava,guava,85,85
f788577905aa1359e5d4b54b4b3d8f45ff12e122,d24a53366d237db4738d2b23cf7fe55af386bd25,guava/src/com/google/common/util/concurrent/FuturesGetChecked.java,guava/src/com/google/common/util/concurrent/FuturesGetChecked.java,https://github.com/google/guava,guava,197,196
5e519d91d038636fa5f786908aa856ba5470846d,fde1b8451d8d84c2842cbb75dd66a3d0b58a4274,guava/src/com/google/common/cache/LocalCache.java,guava/src/com/google/common/cache/LocalCache.java,https://github.com/google/guava,guava,4281,4324
c5e2d8d5cb30b1cd73fa0e86af161e140d772e03,19cfef214c62c42466cb067a949207794f837d36,android/guava/src/com/google/common/util/concurrent/ClosingFuture.java,android/guava/src/com/google/common/util/concurrent/ClosingFuture.java,https://github.com/google/guava,guava,396,397
c5e2d8d5cb30b1cd73fa0e86af161e140d772e03,19cfef214c62c42466cb067a949207794f837d36,android/guava/src/com/google/common/util/concurrent/ClosingFuture.java,android/guava/src/com/google/common/util/concurrent/ClosingFuture.java,https://github.com/google/guava,guava,598,613
c5e2d8d5cb30b1cd73fa0e86af161e140d772e03,19cfef214c62c42466cb067a949207794f837d36,guava/src/com/google/common/util/concurrent/ClosingFuture.java,guava/src/com/google/common/util/concurrent/ClosingFuture.java,https://github.com/google/guava,guava,396,402
c5e2d8d5cb30b1cd73fa0e86af161e140d772e03,19cfef214c62c42466cb067a949207794f837d36,guava/src/com/google/common/util/concurrent/ClosingFuture.java,guava/src/com/google/common/util/concurrent/ClosingFuture.java,https://github.com/google/guava,guava,598,618
b8f4b8d43da3529026bc385632b7528f6aac03f0,c86fa8f205ddfdefd17ff2fd4806d1bdffde8ad7,guava/src/com/google/common/collect/HashBiMap.java,guava/src/com/google/common/collect/HashBiMap.java,https://github.com/google/guava,guava,30,30
4b02d3cd8006ad0231f3bf02bc4efa6f0b313bb9,19cfef214c62c42466cb067a949207794f837d36,android/guava/src/com/google/common/util/concurrent/AbstractCatchingFuture.java,android/guava/src/com/google/common/util/concurrent/AbstractCatchingFuture.java,https://github.com/google/guava,guava,49,56
4b02d3cd8006ad0231f3bf02bc4efa6f0b313bb9,19cfef214c62c42466cb067a949207794f837d36,android/guava/src/com/google/common/util/concurrent/AbstractTransformFuture.java,android/guava/src/com/google/common/util/concurrent/AbstractTransformFuture.java,https://github.com/google/guava,guava,36,43
4b02d3cd8006ad0231f3bf02bc4efa6f0b313bb9,19cfef214c62c42466cb067a949207794f837d36,guava/src/com/google/common/util/concurrent/AbstractCatchingFuture.java,guava/src/com/google/common/util/concurrent/AbstractCatchingFuture.java,https://github.com/google/guava,guava,49,56
4b02d3cd8006ad0231f3bf02bc4efa6f0b313bb9,19cfef214c62c42466cb067a949207794f837d36,guava/src/com/google/common/util/concurrent/AbstractTransformFuture.java,guava/src/com/google/common/util/concurrent/AbstractTransformFuture.java,https://github.com/google/guava,guava,36,43
be9a8140aa835703f3866d082ee50d6b897423c4,19cfef214c62c42466cb067a949207794f837d36,android/guava/src/com/google/common/util/concurrent/ClosingFuture.java,android/guava/src/com/google/common/util/concurrent/ClosingFuture.java,https://github.com/google/guava,guava,603,599
be9a8140aa835703f3866d082ee50d6b897423c4,19cfef214c62c42466cb067a949207794f837d36,guava/src/com/google/common/util/concurrent/ClosingFuture.java,guava/src/com/google/common/util/concurrent/ClosingFuture.java,https://github.com/google/guava,guava,605,604
fcca066e6d1ea878d1d5703524a67c3cdeb1d586,4ed49723048ec8631a4cec425f0bc497be05848b,android/guava/src/com/google/common/cache/LocalCache.java,android/guava/src/com/google/common/cache/LocalCache.java,https://github.com/google/guava,guava,4386,4458
fcca066e6d1ea878d1d5703524a67c3cdeb1d586,fde1b8451d8d84c2842cbb75dd66a3d0b58a4274,guava/src/com/google/common/cache/LocalCache.java,guava/src/com/google/common/cache/LocalCache.java,https://github.com/google/guava,guava,1747,1771
fcca066e6d1ea878d1d5703524a67c3cdeb1d586,4ed49723048ec8631a4cec425f0bc497be05848b,guava/src/com/google/common/cache/LocalCache.java,guava/src/com/google/common/cache/LocalCache.java,https://github.com/google/guava,guava,4528,4612
dc90ff245eaf94854d62a8c784f7797bee306e19,fde1b8451d8d84c2842cbb75dd66a3d0b58a4274,guava/src/com/google/common/cache/LocalCache.java,guava/src/com/google/common/cache/LocalCache.java,https://github.com/google/guava,guava,2349,2372
a2e8f3c7ce47c9f8904e6afe39cf4aa8ac340c46,fde1b8451d8d84c2842cbb75dd66a3d0b58a4274,guava/src/com/google/common/collect/MapMakerInternalMap.java,guava/src/com/google/common/collect/MapMakerInternalMap.java,https://github.com/google/guava,guava,364,364
ca01197df672a6ca9c14824144f4688b354b04f9,e0292369fe4be9c51b12a68724302f38f03c0a5b,guava/src/com/google/common/collect/ImmutableSortedMultiset.java,guava/src/com/google/common/collect/ImmutableSortedMultiset.java,https://github.com/google/guava,guava,761,761
ca01197df672a6ca9c14824144f4688b354b04f9,e0292369fe4be9c51b12a68724302f38f03c0a5b,guava/src/com/google/common/collect/ImmutableSortedSet.java,guava/src/com/google/common/collect/ImmutableSortedSet.java,https://github.com/google/guava,guava,1000,1000
e5b68f120f455a3853ca6bad6ce9f4e3e0231897,8b0d007aab5571208a01d2695bcdcc401636cedf,android/guava-testlib/src/com/google/common/testing/GcFinalization.java,android/guava-testlib/src/com/google/common/testing/GcFinalization.java,https://github.com/google/guava,guava,232,232
e5b68f120f455a3853ca6bad6ce9f4e3e0231897,635571e121ddffa9ff7f86f3a964d4d83ebcbf09,android/guava/src/com/google/common/cache/Striped64.java,android/guava/src/com/google/common/cache/Striped64.java,https://github.com/google/guava,guava,290,290
e5b68f120f455a3853ca6bad6ce9f4e3e0231897,635571e121ddffa9ff7f86f3a964d4d83ebcbf09,android/guava/src/com/google/common/hash/LittleEndianByteArray.java,android/guava/src/com/google/common/hash/LittleEndianByteArray.java,https://github.com/google/guava,guava,172,172
e5b68f120f455a3853ca6bad6ce9f4e3e0231897,635571e121ddffa9ff7f86f3a964d4d83ebcbf09,android/guava/src/com/google/common/hash/Striped64.java,android/guava/src/com/google/common/hash/Striped64.java,https://github.com/google/guava,guava,290,290
e5b68f120f455a3853ca6bad6ce9f4e3e0231897,8b0d007aab5571208a01d2695bcdcc401636cedf,android/guava/src/com/google/common/io/FileBackedOutputStream.java,android/guava/src/com/google/common/io/FileBackedOutputStream.java,https://github.com/google/guava,guava,139,139
e5b68f120f455a3853ca6bad6ce9f4e3e0231897,635571e121ddffa9ff7f86f3a964d4d83ebcbf09,android/guava/src/com/google/common/primitives/UnsignedBytes.java,android/guava/src/com/google/common/primitives/UnsignedBytes.java,https://github.com/google/guava,guava,336,336
e5b68f120f455a3853ca6bad6ce9f4e3e0231897,635571e121ddffa9ff7f86f3a964d4d83ebcbf09,android/guava/src/com/google/common/util/concurrent/AbstractFuture.java,android/guava/src/com/google/common/util/concurrent/AbstractFuture.java,https://github.com/google/guava,guava,1345,1344
e5b68f120f455a3853ca6bad6ce9f4e3e0231897,8b0d007aab5571208a01d2695bcdcc401636cedf,android/guava/src/com/google/common/util/concurrent/ClosingFuture.java,android/guava/src/com/google/common/util/concurrent/ClosingFuture.java,https://github.com/google/guava,guava,2130,2127
e5b68f120f455a3853ca6bad6ce9f4e3e0231897,8b0d007aab5571208a01d2695bcdcc401636cedf,guava-testlib/src/com/google/common/testing/GcFinalization.java,guava-testlib/src/com/google/common/testing/GcFinalization.java,https://github.com/google/guava,guava,232,232
e5b68f120f455a3853ca6bad6ce9f4e3e0231897,635571e121ddffa9ff7f86f3a964d4d83ebcbf09,guava/src/com/google/common/cache/Striped64.java,guava/src/com/google/common/cache/Striped64.java,https://github.com/google/guava,guava,290,290
e5b68f120f455a3853ca6bad6ce9f4e3e0231897,635571e121ddffa9ff7f86f3a964d4d83ebcbf09,guava/src/com/google/common/hash/LittleEndianByteArray.java,guava/src/com/google/common/hash/LittleEndianByteArray.java,https://github.com/google/guava,guava,172,172
e5b68f120f455a3853ca6bad6ce9f4e3e0231897,635571e121ddffa9ff7f86f3a964d4d83ebcbf09,guava/src/com/google/common/hash/Striped64.java,guava/src/com/google/common/hash/Striped64.java,https://github.com/google/guava,guava,290,290
e5b68f120f455a3853ca6bad6ce9f4e3e0231897,8b0d007aab5571208a01d2695bcdcc401636cedf,guava/src/com/google/common/io/FileBackedOutputStream.java,guava/src/com/google/common/io/FileBackedOutputStream.java,https://github.com/google/guava,guava,139,139
e5b68f120f455a3853ca6bad6ce9f4e3e0231897,635571e121ddffa9ff7f86f3a964d4d83ebcbf09,guava/src/com/google/common/primitives/UnsignedBytes.java,guava/src/com/google/common/primitives/UnsignedBytes.java,https://github.com/google/guava,guava,336,336
e5b68f120f455a3853ca6bad6ce9f4e3e0231897,635571e121ddffa9ff7f86f3a964d4d83ebcbf09,guava/src/com/google/common/util/concurrent/AbstractFuture.java,guava/src/com/google/common/util/concurrent/AbstractFuture.java,https://github.com/google/guava,guava,1345,1344
e5b68f120f455a3853ca6bad6ce9f4e3e0231897,8b0d007aab5571208a01d2695bcdcc401636cedf,guava/src/com/google/common/util/concurrent/ClosingFuture.java,guava/src/com/google/common/util/concurrent/ClosingFuture.java,https://github.com/google/guava,guava,2143,2142
7e06618325825f14f8383c6a4dd938105eb6b99c,582742210feb2ad05ebe5d618ec229dbb4ee3b94,android/guava/src/com/google/common/collect/Maps.java,android/guava/src/com/google/common/collect/Maps.java,https://github.com/google/guava,guava,373,382
7e06618325825f14f8383c6a4dd938105eb6b99c,582742210feb2ad05ebe5d618ec229dbb4ee3b94,android/guava/src/com/google/common/collect/Sets.java,android/guava/src/com/google/common/collect/Sets.java,https://github.com/google/guava,guava,369,375
7e06618325825f14f8383c6a4dd938105eb6b99c,582742210feb2ad05ebe5d618ec229dbb4ee3b94,guava/src/com/google/common/collect/Maps.java,guava/src/com/google/common/collect/Maps.java,https://github.com/google/guava,guava,378,383
7e06618325825f14f8383c6a4dd938105eb6b99c,582742210feb2ad05ebe5d618ec229dbb4ee3b94,guava/src/com/google/common/collect/Sets.java,guava/src/com/google/common/collect/Sets.java,https://github.com/google/guava,guava,371,375
49776fd83201172368ce560bb3282d5ca568096f,0e2fa3ece48bc46ad173f43d7a6bdd7571bc95d3,android/guava/src/com/google/common/util/concurrent/InterruptibleTask.java,android/guava/src/com/google/common/util/concurrent/InterruptibleTask.java,https://github.com/google/guava,guava,97,97
49776fd83201172368ce560bb3282d5ca568096f,0e2fa3ece48bc46ad173f43d7a6bdd7571bc95d3,guava/src/com/google/common/util/concurrent/InterruptibleTask.java,guava/src/com/google/common/util/concurrent/InterruptibleTask.java,https://github.com/google/guava,guava,97,97
